Issue #,Title,Description,Status,Created,Updated,Assignee
1,التقارير الأمنية,"تسجيل الزيارات الرسمية في اوفكال فيزن 
Onedrive ارشفة جميع التقارير الأمنية في",Open,21 hours ago,21 hours ago,mnotb5bi
2,1. End-of-Day Incident Review,"Review and consolidate all incidents reported by the end of the day.
Confirm the status of each incident:
Open
Closed",Open,21 hours ago,21 hours ago,Unassigned
3,Team Leaders Group,"2. Team Leaders Group
Review the Team Leaders Group for operational updates.
Collect and document messages received at:
06:00 PM
09:00 PM
12:00 AM",Open,21 hours ago,21 hours ago,Unassigned
4,Quality Group,"Quality Group Obtain the total visitor count from the Quality Group, 
including 
- Pedestrians
- Cyclists",Open,21 hours ago,21 hours ago,Unassigned